Publication,Website,Category,Total Score,Priority Tier,RSS Status,RSS Feed URL / Hub,Primary Audience,Core Coverage,Original Data Fit,Syndication Likelihood (1-5),Data-Story Fit (1-5),Why It Matters / Pitch Angle
Senior Housing News,https://seniorhousingnews.com/,Senior living trade,17,Tier 1,Yes,https://seniorhousingnews.com/feed,"Senior living owners, operators, developers, investors, executives","Operations, development, finance, staffing, technology, marketing, memory care",High,4,5,"Top pure-play senior living target; strong appetite for reports, market data and operator implications."
McKnight's Senior Living,https://www.mcknightsseniorliving.com/,Senior living trade,17,Tier 1,Yes,Feed available; exact endpoint not surfaced in search,"Senior living executives, operators, clinical and business leaders","Assisted living, memory care, operations, workforce, regulation, clinical, technology",High,4,5,"One of the highest-value editorial targets for data tied to operations, workforce, regulation or resident trends."
Seniors Housing Business,https://seniorshousingbusiness.com/,Senior housing real estate,17,Tier 1,Not located,,"Owners, developers, operators, lenders, brokers, investors","Transactions, development, capital markets, operations, investment",High,4,5,"Excellent for geographically localized development, affordability, inventory, financing and demand data."
Senior Living News,https://www.seniorlivingnews.com/,Senior living trade,17,Tier 1,Yes,Feed available; exact endpoint not surfaced in search,"Owners, operators, developers, suppliers and executives","Operations, development, technology, design, products, transactions",High,4,4,Good syndication prospect because coverage is broad and trade-oriented.
Senior Living Executive,https://www.argentum.org/argentummedia/senior-living-executive-magazine/,Association publication,15,Tier 2,Not located,,Senior living community leaders and executives,"Workforce, quality, operations, consumer choice, memory care, leadership",High,3,5,Strong credibility and operator reach; association gatekeeping may make free syndication harder.
AHEAD,https://www.argentum.org/argentummedia/ahead/,Association newsletter,14,Tier 2,Not located,,"Owners, operators and senior living executives","Policy, industry trends, workforce, finance, operations",High,3,4,Useful for concise data releases with policy or operating relevance.
Provider Magazine,https://www.providermagazine.com/,Long-term care trade,15,Tier 2,Not located,,"Owners, administrators, clinicians and executives in LTC/post-acute","Nursing facilities, assisted living, workforce, clinical, policy, technology, finance",High,3,5,"Excellent audience; especially strong for Medicaid, staffing, quality, affordability and state-by-state data."
McKnight's Long-Term Care News,https://www.mcknights.com/,Long-term care trade,17,Tier 1,Not located,,"Nursing home/LTC owners, operators, administrators, clinicians","Skilled nursing, regulation, reimbursement, staffing, clinical operations",High,4,5,Major target for nursing-home and long-term-care data stories.
Skilled Nursing News,https://skillednursingnews.com/,Skilled nursing trade,17,Tier 1,Yes,https://skillednursingnews.com/feed,"SNF owners, operators, investors and executives","Operations, finance, reimbursement, staffing, M&A, clinical trends",High,4,5,Strong match for original data with business implications.
iAdvance Senior Care,https://www.iadvanceseniorcare.com/,Senior care trade,16,Tier 2,Yes,Feed available; exact endpoint not surfaced in search,"Senior care executives, administrators, clinical leaders","Operations, workforce, clinical, technology, compliance, resident care",High,4,4,Good secondary trade target; useful for practical operator-focused research.
Home Health Care News,https://homehealthcarenews.com/,Home care/home health trade,17,Tier 1,Yes,https://homehealthcarenews.com/feed,"Home health and home care owners, operators, executives, investors","Home health, personal care, M&A, payment, staffing, technology, policy",High,4,5,"Top target for aging-in-place, caregiving workforce and home-care demand data."
Hospice News,https://hospicenews.com/,Hospice/palliative trade,14,Tier 2,Yes,https://hospicenews.com/feed,"Hospice operators, executives, investors, clinicians","Hospice, palliative care, payment, M&A, workforce, regulation",Medium-High,3,4,"Best for end-of-life, caregiver burden, access and aging-health-system stories."
Home Health Line,https://homehealthline.decisionhealth.com/,Home health trade,12,Tier 3,Not located,,"Home health agency executives, compliance and operations leaders","Regulation, payment, compliance, operations, benchmarks",Medium,2,4,Useful for technical/regulatory datasets; less natural for broad syndication.
HomeCare Magazine,https://www.homecaremag.com/,Home care/HME trade,16,Tier 2,Yes,http://homecaremag.com/combo/feed,"Home care providers, HME businesses, aging-in-place vendors","Home care operations, mobility, HME, technology, aging in place",High,4,4,Good bridge between aging population data and vendors/providers serving people at home.
HME Business,https://hme-business.com/,Home medical equipment trade,14,Tier 2,Not located,,"HME dealers/providers, clinicians and industry professionals","Mobility, rehab, respiratory, senior aids, reimbursement, products",Medium,3,4,"Relevant for aging-in-place, disability, mobility and assistive-equipment data."
Mobility Management,https://mobilitymgmt.com/,Mobility/rehab trade,13,Tier 3,Not located,,"Mobility and complex rehab professionals, providers, clinicians","Mobility products, accessibility, rehab technology, policy",Medium,3,3,"Niche target for mobility, disability and aging-in-place research."
Generations Journal,https://generations.asaging.org/publications/generations-journal/,Aging professional / policy,15,Tier 2,Yes,https://generations.asaging.org/feed,"Professionals in aging, researchers, policymakers, service providers","Aging practice, research, policy, workforce, health, social services",High,3,5,"High-authority thought-leadership target; less likely straight syndication, stronger for adapted research."
Generations Today,https://generations.asaging.org/,Aging professional / policy,17,Tier 1,Yes,https://generations.asaging.org/feed,Aging-services professionals and advocates,"Current aging trends, policy, practice, people and programs",High,4,5,Excellent prospect for readable data journalism about older adults and aging systems.
LeadingAge,https://leadingage.org/,Aging services association media,15,Tier 2,Not located,,"Nonprofit aging-services providers, senior housing, home/community services","Senior housing, nursing homes, home health, hospice, affordable housing, LTSS, technology",High,3,5,"Very strong audience match, especially nonprofit/provider and policy angles."
Journal of Aging Life Care,https://www.aginglifecare.org/,Aging care management,12,Tier 3,Not located,,Professional geriatric/aging life care managers,"Care management, caregiving, clinical and business topics, best practices",Medium-High,2,4,"High-value niche for caregiver, family decision-making and care-navigation research."
Inside ALCA,https://www.aginglifecare.org/,Association publication,10,Tier 4,Not located,,Aging Life Care Association members,"Association news, professional practice, care management",Medium,2,3,Smaller but highly targeted professional audience.
AARP Public Policy Institute,https://www.aarp.org/ppi/,Aging policy/research,13,Tier 3,Not located,,"Policymakers, researchers, aging advocates, industry","Aging demographics, caregiving, housing, work, health, retirement, longevity economy",High,2,5,Critical influence/source partner; better as research benchmark or collaboration target than republication outlet.
Next Avenue,https://www.nextavenue.org/,Aging-focused media,16,Tier 2,Needs recheck,,Older adults plus aging professionals and organizations,"Aging, work, money, health, caregiving, living, purpose",High,4,5,"Not pure B2B, but exceptionally relevant for public-facing aging data stories that sponsors may value."
American Society on Aging,https://asaging.org/,Aging professional association,15,Tier 2,Yes,https://generations.asaging.org/feed,Professionals working in aging,"Aging policy, practice, workforce, equity, services",High,3,5,Useful umbrella relationship beyond its Generations publications.
National Council on Aging,https://www.ncoa.org/,Aging nonprofit/professional,14,Tier 2,Not located,,"Aging network, community organizations, older adults, policymakers","Benefits, falls, healthy aging, economic security, aging services",High,3,5,Strong for community-level aging and economic-security datasets.
USAging,https://www.usaging.org/,Aging services association,15,Tier 2,Not located,,Area Agencies on Aging and community-based aging organizations,"Older Americans Act, AAA programs, transportation, caregiving, aging services",High,3,5,Excellent distribution node for localized state/county aging-services stories.
Aging and Disability Business Institute,https://www.aginganddisabilitybusinessinstitute.org/,Aging services business,14,Tier 2,Not located,,Community-based aging/disability organizations and healthcare partners,"Healthcare partnerships, value-based care, CBO contracting, aging services",High,3,4,"Strong for healthcare utilization, community care and business-model data."
Multi-Housing News - Senior Housing,https://www.multihousingnews.com/senior-housing/,Senior housing real estate,16,Tier 2,Yes,https://www.multihousingnews.com/senior-housing/feed/,"Multifamily/senior housing developers, owners, investors, managers","Senior housing transactions, development, finance, market fundamentals",High,4,5,"Very good prospect for housing supply, rents, affordability, demographics and metro/state rankings."
Commercial Property Executive,https://www.commercialsearch.com/news/,Commercial real estate,13,Tier 3,Yes,https://www.commercialsearch.com/news/feed/,"CRE owners, operators, investors","Property transactions, development, finance, senior housing, market fundamentals",Medium,3,4,Useful for senior housing investment and development stories that need a wider commercial real estate audience.
REBusinessOnline,https://rebusinessonline.com/,Commercial real estate,15,Tier 2,Yes,https://rebusinessonline.com/feed/atom/,"CRE owners, developers, investors, brokers","Seniors housing transactions, development, capital markets, regional real estate",High,4,5,"Publishes Seniors Housing Business; strongest CRE route for senior housing transaction and development data, including state and metro cuts."
Connect CRE,https://www.connectcre.com/,Commercial real estate,13,Tier 3,Yes,https://www.connectcre.com/feed/,"CRE investors, developers, brokers","Transactions, development, seniors housing, regional CRE news",Medium,3,4,Regional structure suits state-level senior housing development and transaction coverage.
Bisnow,https://www.bisnow.com/,Commercial real estate,13,Tier 3,Yes,https://www.bisnow.com/feed/,"CRE professionals, developers, investors","Development, capital markets, senior housing, metro real estate trends",Medium,3,4,Metro editions make it a good fit for localized senior housing development and occupancy stories.
GlobeSt,https://www.globest.com/,Commercial real estate,12,Tier 3,Yes,https://www.globest.com/rss/,"CRE investors, owners, brokers","Capital markets, transactions, seniors housing, net lease, market analysis",Medium,3,3,Investor-facing route for senior housing capital markets stories; feed has returned 403 to automated requests.
Senior Housing Investor,https://www.irei.com/,Senior housing investment,12,Tier 3,Yes,https://www.irei.com/feed/,Institutional investors and real estate professionals,Senior housing investment and institutional capital,Medium-High,2,4,Specialist institutional audience; verify current dedicated product before pitching.
Environments for Aging,https://www.environmentsforaging.com/,Senior living design,15,Tier 2,Not located,,"Architects, designers, owners, developers, facility leaders","Senior living design, architecture, interiors, renovation, wellness",High,4,4,"Excellent for data on resident preferences, accessibility, design trends and capital projects."
Healthcare Design,https://healthcaredesignmagazine.com/,Healthcare design,12,Tier 3,Not located,,"Healthcare architects, designers, facility executives, owners","Healthcare architecture/design, environments, facilities, senior care settings",Medium,3,3,Adjacent target for senior-care facility and age-friendly design data.
Building Design+Construction,https://www.bdcnetwork.com/,Architecture/construction B2B,13,Tier 3,Yes,Feed available; exact endpoint not surfaced in search,"Architects, engineers, contractors, building owners","Senior living design, healthcare construction, building trends, codes",Medium,3,4,"Route for senior living design and construction angles — building stock, retrofit and age-friendly design rather than operations."
Facility Executive,https://facilityexecutive.com/,Facilities B2B,12,Tier 3,Yes,https://facilityexecutive.com/feed,Facility managers and operations leaders,"Facilities, maintenance, safety, technology, workplace/healthcare",Low-Medium,3,3,More niche; relevant for senior-living facilities operations or safety datasets.
Modern Healthcare,https://www.modernhealthcare.com/,Healthcare business,12,Tier 3,Yes,Multiple feeds / RSS hub,"Health system, payer, policy and healthcare executives","Healthcare business, policy, finance, workforce, Medicare/Medicaid",High,2,5,Prestige target for major aging-healthcare datasets with national significance.
Healthcare Dive,https://www.healthcaredive.com/,Healthcare business,14,Tier 2,Yes,https://www.healthcaredive.com/feeds/news/,Healthcare executives and industry professionals,"Policy, providers, payers, technology, workforce, value-based care",High,3,5,"Strong for concise, newsy datasets with healthcare-business implications."
Fierce Healthcare,https://www.fiercehealthcare.com/,Healthcare business,14,Tier 2,Yes,https://www.fiercehealthcare.com/rss/xml,"Healthcare executives, payers, providers, health tech","Payers, providers, policy, Medicare, digital health, finance",High,3,5,"Strong secondary healthcare target for Medicare, access, utilization and aging-tech data."
HealthLeaders,https://www.healthleadersmedia.com/,Healthcare executive,12,Tier 3,Not located,,Hospital and health-system executives,"Strategy, finance, nursing, clinical care, workforce, technology",Medium-High,3,4,"Best for health-system impacts of aging, labor and utilization."
Becker's Hospital Review,https://www.beckershospitalreview.com/,Healthcare executive,13,Tier 3,Yes,https://www.beckershospitalreview.com/rss-feeds/,Hospital/health system executives,"Hospital strategy, finance, leadership, workforce, payer issues",Medium-High,3,4,High-volume outlet; useful for data with hospital and eldercare implications.
Chief Healthcare Executive,https://www.chiefhealthcareexecutive.com/,Healthcare executive,13,Tier 3,Yes,https://www.chiefhealthcareexecutive.com/rss.xml,C-suite healthcare leaders,"Leadership, policy, finance, health equity, technology, workforce",Medium,3,4,Potential for demographic and eldercare-system impact stories.
MedCity News,https://medcitynews.com/,Healthcare innovation,13,Tier 3,Yes,https://medcitynews.com/feed,"Healthcare executives, investors, health-tech leaders","Digital health, care delivery, startups, policy, investment",Medium-High,3,4,"Good for age-tech, longevity tech, home care innovation and Medicare models."
Healthcare IT News,https://www.healthcareitnews.com/,Health IT B2B,12,Tier 3,Yes,https://www.healthcareitnews.com/rss.xml,Health IT executives and clinical technology leaders,"EHR, AI, digital health, interoperability, cybersecurity",Medium,3,3,"Useful for aging-tech and digital-access datasets, not general aging stories."
MobiHealthNews,https://www.mobihealthnews.com/,Digital health B2B,12,Tier 3,Yes,Multiple taxonomy/topic feeds,"Digital health companies, investors, healthcare innovators","Digital therapeutics, remote care, AI, wearables, telehealth",Medium,3,3,Target for tech-enabled aging-in-place and remote-monitoring data.
Managed Healthcare Executive,https://www.managedhealthcareexecutive.com/,Payer/managed care B2B,14,Tier 2,Yes,https://www.managedhealthcareexecutive.com/rss,Health plan and managed-care executives,"Medicare Advantage, Medicaid, pharmacy, population health, policy",High,3,4,"Strong for Medicare, Medicaid, aging population and cost/utilization data."
BenefitsPRO,https://www.benefitspro.com/,Benefits/retirement B2B,12,Tier 3,Yes,Feed available; exact endpoint not surfaced in search,"Benefits brokers, advisers, employers","Retirement, benefits, healthcare, workforce, financial wellness",Medium-High,3,4,"Useful for aging workforce, caregiving benefits and retirement-readiness datasets."
PLANADVISER,https://www.planadviser.com/,Retirement plan B2B,12,Tier 3,Yes,https://www.planadviser.com/pa-rss/,Retirement plan advisers and consultants,"401(k), retirement readiness, plan design, regulation, advice",Medium,3,4,Good for employer/retirement aspects of longevity and caregiving.
PLANSPONSOR,https://www.plansponsor.com/,Retirement/benefits B2B,12,Tier 3,Yes,https://www.plansponsor.com/ps-rss/,Employers and retirement plan sponsors,"Retirement plans, benefits, workforce, financial wellness",Medium,3,4,Potential for aging workforce and retirement-security research.
NAPA Net Daily,https://www.napa-net.org/news-info/daily-news,Retirement adviser B2B,11,Tier 3,Not located,,Retirement plan advisers,"Retirement plans, regulation, practice management, participant behavior",Medium,2,4,Niche but targeted for retirement-readiness and aging-workforce data.
InvestmentNews,https://www.investmentnews.com/,Financial adviser B2B,12,Tier 3,Unknown,,"Financial advisers, RIAs, wealth managers","Retirement planning, wealth, regulation, demographics, practice management",Medium-High,3,4,"Strong when aging data connects to retirement income, caregiving costs or longevity planning."
ThinkAdvisor,https://www.thinkadvisor.com/,Financial adviser B2B,13,Tier 3,Yes,https://feeds.feedblitz.com/ThinkAdvisor,"Financial advisers, insurance professionals, wealth managers","Retirement, Social Security, Medicare, wealth, insurance, longevity",High,3,4,"Very relevant for retirement, Medicare and longevity-economy data."
Financial Advisor Magazine,https://www.fa-mag.com/,Financial adviser B2B,12,Tier 3,Yes,https://www.fa-mag.com/rss.php,Independent financial advisers and wealth managers,"Retirement, wealth management, practice management, investments",Medium,3,3,Potential for longevity-planning and eldercare-cost datasets.
RIABiz,https://riabiz.com/,Wealth management B2B,9,Tier 4,Yes,https://riabiz.com/rss,RIA executives and advisers,"RIA business, wealth management, retirement, technology",Low-Medium,2,3,Lower-priority adjacency unless research has adviser-industry angle.
InsuranceNewsNet,https://www.insurancenewsnet.com/,Insurance/retirement B2B,16,Tier 2,Yes,https://insurancenewsnet.com/feed,Insurance and financial professionals,"Annuities, life/LTC insurance, retirement, Medicare",High,4,4,"Strong for long-term care insurance, retirement and longevity-finance data."
LTC News,https://www.ltcnews.com/,Long-term care/insurance media,16,Tier 2,Yes,https://www.ltcnews.com/feed/,Consumers plus LTC insurance/care professionals,"Long-term care costs, insurance, caregiving, care options",High,4,4,Not pure B2B but highly aligned with eldercare-cost and state-by-state data.
Caregiving.com,https://www.caregiving.com/,Caregiving media,16,Tier 2,Not located,,Family caregivers and caregiving professionals,"Caregiving experience, resources, workplace caregiving, support",High,4,5,"Strong distribution for caregiver burden, geography and economic-impact data."
DailyCaring,https://dailycaring.com/,Aging/caregiving media,13,Tier 3,Yes,https://dailycaring.com/feed/,Family caregivers and senior-care ecosystem,"Caregiving, dementia, aging at home, senior living decisions",Medium-High,3,4,Consumer-heavy but sponsor-friendly audience around aging and care decisions.
Senior Helpers News/Resources,https://www.seniorhelpers.com/resources/,Home care brand media,10,Tier 4,Not located,,"Home care professionals, families, franchise ecosystem","Home care, caregiving, aging in place",Medium,2,3,More partner/sponsor prospect than independent publication.
McKnight's Home Care,https://www.mcknightshomecare.com/,Home care trade,17,Tier 1,Not located,,Home care and home health executives,"Home care, home health, policy, workforce, technology",High,4,5,High-priority if active as separate vertical; verify current branding/contact.
Senior Trade Shows / Senior Living Foresight,https://www.seniorlivingforesight.net/,Senior living thought leadership,18,Tier 1,Yes,Podcast RSS: https://seniorlivingforesight.libsyn.com/rss,"Senior living executives, operators, vendors","Leadership, innovation, operations, technology, marketing",High,5,4,Potentially excellent relationship-driven syndication/guest content target.
Senior Living Innovation Forum,https://seniorlivinginnovationforum.com/,Senior living executive community,14,Tier 2,Not located,,Senior living owner/operator executives and vendors,"Innovation, technology, design, operations, resident experience",Medium-High,3,4,"More event/content partnership than traditional newsroom, but high-value executive audience."
NIC Insider / NIC Notes,https://www.nic.org/,Senior housing research/finance,13,Tier 3,Not located,,"Senior housing investors, owners, operators, lenders","Market data, occupancy, development, capital markets, transactions",High,2,5,Essential industry data authority and possible research collaborator/source amplifier.
ASHA Special Issue / Research,https://www.ashaliving.org/,Senior housing association,14,Tier 2,Yes,https://www.ashaliving.org/feed/,"Senior housing owners, operators, developers, investors","Consumer research, senior housing economics, operations, policy",High,2,5,Very relevant for sponsored research collaboration or data amplification.
LeadingAge Ziegler 200 / Research,https://leadingage.org/,Senior living nonprofit research,14,Tier 2,Not located,,Nonprofit senior living and aging-services executives,"Provider rankings, finance, growth, operations",High,2,5,Good model/benchmark for proprietary datasets; less a classic newsroom prospect.
Food Management,https://www.food-management.com/,Foodservice B2B,11,Tier 3,Yes,Multiple official feeds,Noncommercial foodservice leaders incl. healthcare/senior care,"Foodservice operations, menus, labor, procurement, healthcare dining",Medium,3,3,"Angle-dependent: senior dining costs, nutrition preferences, labor or procurement data."
FoodService Director,https://www.foodservicedirector.com/,Foodservice B2B,9,Tier 4,Yes,https://www.foodservicedirector.com/rss.xml,Noncommercial foodservice executives,"Operations, labor, menus, institutional dining",Low-Medium,2,3,Only worth targeting for senior-living dining/foodservice-specific research.
McKnight's Tech Daily,https://www.mcknights.com/,Senior care technology,14,Tier 2,Needs recheck,,Senior care executives and technology decision-makers,"Technology, AI, cybersecurity, health IT in senior care",Medium-High,3,4,"Good for age-tech, AI adoption, cybersecurity or resident-tech datasets."
AgeTech Collaborative / AARP Innovation,https://agetechcollaborative.org/,Age-tech ecosystem,15,Tier 2,Not located,,"Startups, investors, enterprises serving older adults","Age-tech, innovation, longevity economy, caregiving, accessibility",High,3,5,Excellent for innovation-focused aging datasets and sponsor ecosystem development.
Longevity.Technology,https://longevity.technology/,Longevity industry media,12,Tier 3,Yes,RSS feeds available,"Longevity biotech, investors, founders, researchers","Longevity science, biotech, investing, healthspan",Medium,3,4,"More biotech than senior living, but useful for broader longevity-economy stories."
Longevity Global / Longevity Business Review,https://longevity.technology/,Longevity business,9,Tier 4,Yes,RSS feeds available via Longevity.Technology,"Investors, founders, longevity ecosystem","Longevity economy, investment, healthspan",Medium,2,3,Exploratory adjacent target; verify exact current publication before outreach.
Workspan Daily,https://worldatwork.org/,HR/total rewards B2B,12,Tier 3,Not located,,"HR, benefits and total-rewards leaders","Benefits, compensation, workforce, caregiving, retirement",Medium,3,4,Good for aging workforce and employer caregiving-support data.
HR Dive,https://www.hrdive.com/,HR B2B,13,Tier 3,Yes,https://www.hrdive.com/feeds/news/,HR executives and people leaders,"Workforce, benefits, labor, employee experience, demographics",Medium-High,3,5,"Strong for experienced-worker, caregiving and demographic workforce data."
SHRM HR News,https://www.shrm.org/topics-tools/news,HR association media,10,Tier 4,Yes,Feed available; exact endpoint not surfaced in search,HR professionals and executives,"Workforce, benefits, employment law, demographics, caregiving",Medium,2,4,High reach but competitive; strongest for aging workforce and caregiver-employer implications.
Route Fifty,https://www.route-fifty.com/,State/local government B2B,13,Tier 3,Yes,RSS available via site,State and local government leaders,"Demographics, public policy, infrastructure, social services, budgets",High,3,5,"Excellent wildcard for state/local aging infrastructure, rural access and demographic pressure stories."
Governing,https://www.governing.com/,State/local government B2B,13,Tier 3,Not located,,State/local officials and policy professionals,"Demographics, housing, health, social services, transportation, public finance",High,3,5,Strong for aging-in-place infrastructure and county/state demographic rankings.
StateScoop,https://statescoop.com/,State government technology,9,Tier 4,Yes,https://statescoop.com/feed/,State/local government technology leaders,"Government tech, digital services, data, health/human services",Medium,2,3,Angle-dependent; potential for technology supporting aging services.
Nonprofit Quarterly,https://nonprofitquarterly.org/,Nonprofit sector B2B,13,Tier 3,Yes,https://nonprofitquarterly.org/feed/,"Nonprofit executives, funders, civic leaders","Nonprofit management, social policy, philanthropy, community systems",Medium-High,3,4,Useful for nonprofit aging-services capacity and community-impact research.
The NonProfit Times,https://thenonprofittimes.com/,Nonprofit management B2B,11,Tier 3,Yes,https://thenonprofittimes.com/feed/,Nonprofit executives and fundraisers,"Management, fundraising, workforce, technology, sector trends",Medium,3,3,Potential for aging-services nonprofit workforce/funding research.
