journal,issn,nlm_id,categories,group
Current opinion in supportive and palliative care,1751-4266,101297402,Geriatrics; Palliative Care,aging
Journal of pain & palliative care pharmacotherapy,1536-0539,101125608,Geriatrics; Neurology,aging
Journal of Parkinson's disease,1877-718X,101567362,Geriatrics; Neurology,aging
Journal of social work in end-of-life & palliative care,1552-4264,101235219,Geriatrics; Palliative Care,aging
Nihon Ronen Igakkai zasshi. Japanese journal of geriatrics,0300-9173,7507332,Geriatrics,aging
Tijdschrift voor gerontologie en geriatrie,1875-6832,8210346,Geriatrics,aging
Zeitschrift für Gerontologie und Geriatrie,1435-1269,9506215,Geriatrics,aging
"Special care in dentistry : official publication of the American Association of Hospital Dentists, the Academy of Dentistry for the Handicapped, and the American Society for Geriatric Dentistry",1754-4505,8103755,Geriatrics,general
ACS chemical neuroscience,1948-7193,101525337,Neurology,general
Acta neurobiologiae experimentalis,1689-0035,1246675,Neurology,general
Acta neurochirurgica,0942-0940,0151000,Neurology,general
Acta neurochirurgica. Supplement,0065-1419,100962752,Neurology,general
Acta neurologica Belgica,2240-2993,0247035,Neurology,general
Acta neurologica Taiwanica,3050-9173,9815355,Neurology,general
Acta neuropathologica,1432-0533,0412041,Neurology,general
Acta neuropathologica communications,2051-5960,101610673,Neurology,general
Acta neuropsychiatrica,1601-5215,9612501,Neurology,general
Advances and technical standards in neurosurgery,0095-4829,7501064,Neurology,general
Advances in neurobiology,2190-5215,101571545,Neurology,general
Aǧrı : Ağrı (Algoloji) Derneği'nin Yayın organıdır = The journal of the Turkish Society of Algology,2458-9446,9426197,Neurology,general
AJNR.  American journal of neuroradiology,1936-959X,8003708,Neurology,general
AJOB neuroscience,2150-7759,101518076,Neurology,general
"American journal of medical genetics. Part B, Neuropsychiatric genetics : the official publication of the International Society of Psychiatric Genetics",1552-485X,101235742,Neurology,general
Amyotrophic lateral sclerosis & frontotemporal degeneration,2167-9223,101587185,Neurology,general
Annals of clinical and translational neurology,2328-9503,101623278,Neurology,general
Annals of dyslexia,1934-7243,8406611,Neurology,general
Annals of neurology,1531-8249,7707449,Neurology,general
Annual review of neuroscience,1545-4126,7804039,Neurology,general
Annual review of vision science,2374-4650,101660822,Neurology,general
"Anästhesiologie, Intensivmedizin, Notfallmedizin, Schmerztherapie : AINS",1439-1074,9109478,Neurology,general
Applied neuropsychology. Adult,2327-9109,101584082,Neurology,general
Applied neuropsychology. Child,2162-2973,101584990,Neurology,general
Applied psychophysiology and biofeedback,1573-3270,9712383,Neurology,general
Archives of clinical neuropsychology : the official journal of the National Academy of Neuropsychologists,1873-5843,9004255,Neurology,general
ASN neuro,1759-0914,101507115,Neurology,general
"Attention, perception & psychophysics",1943-393X,101495384,Neurology,general
Audiology & neuro-otology,1421-9700,9606930,Neurology,general
Autonomic neuroscience : basic & clinical,1872-7484,100909359,Neurology,general
Behavioral and brain functions : BBF,1744-9081,101245751,Neurology,general
Behavioral neuroscience,1939-0084,8302411,Neurology,general
Behavioral sleep medicine,1540-2010,101149327,Neurology,general
Behavioural brain research,1872-7549,8004872,Neurology,general
Behavioural neurology,1875-8584,8914585,Neurology,general
Biological cybernetics,1432-0770,7502533,Neurology,general
Biological psychiatry,1873-2402,0213264,Neurology,general
Biological psychiatry. Cognitive neuroscience and neuroimaging,2451-9030,101671285,Neurology,general
Biological psychology,1873-6246,0375566,Neurology,general
BMC neurology,1471-2377,100968555,Neurology,general
BMC neuroscience,1471-2202,100966986,Neurology,general
Brain & development,1872-7131,7909235,Neurology,general
Brain : a journal of neurology,1460-2156,0372537,Neurology,general
Brain and behavior,2162-3279,101570837,Neurology,general
Brain and cognition,1090-2147,8218014,Neurology,general
Brain and language,1090-2155,7506220,Neurology,general
Brain connectivity,2158-0022,101550313,Neurology,general
Brain imaging and behavior,1931-7565,101300405,Neurology,general
Brain impairment : a multidisciplinary journal of the Australian Society for the Study of Brain Impairment,1839-5252,101121542,Neurology,general
Brain injury,1362-301X,8710358,Neurology,general
Brain pathology,1750-3639,9216781,Neurology,general
Brain research,1872-6240,0045503,Neurology,general
Brain research bulletin,1873-2747,7605818,Neurology,general
Brain stimulation,1876-4754,101465726,Neurology,general
Brain structure & function,1863-2661,101282001,Neurology,general
Brain topography,1573-6792,8903034,Neurology,general
Brain tumor pathology,1861-387X,9716507,Neurology,general
"Brain, behavior and evolution",1421-9743,0151620,Neurology,general
"Brain, behavior, and immunity",1090-2139,8800478,Neurology,general
British journal of neurosurgery,1360-046X,8800054,Neurology,general
Cellular and molecular neurobiology,1573-6830,8200709,Neurology,general
Central nervous system agents in medicinal chemistry,1875-6166,101269163,Neurology,general
Cephalalgia : an international journal of headache,1468-2982,8200710,Neurology,general
Cerebral cortex,1460-2199,9110718,Neurology,general
Child neuropsychology : a journal on normal and abnormal development in childhood and adolescence,1744-4136,9512515,Neurology,general
Child's nervous system : ChNS : official journal of the International Society for Pediatric Neurosurgery,1433-0350,8503227,Neurology,general
Clinical autonomic research : official journal of the Clinical Autonomic Research Society,1619-1560,9106549,Neurology,general
Clinical EEG and neuroscience,2169-5202,101213033,Neurology,general
Clinical neurology and neurosurgery,1872-6968,7502039,Neurology,general
Clinical neuropathology,0722-5091,8214420,Neurology,general
Clinical neurophysiology : official journal of the International Federation of Clinical Neurophysiology,1872-8952,100883319,Neurology,general
Clinical neuroradiology,1869-1447,101526693,Neurology,general
CNS & neurological disorders drug targets,1996-3181,101269155,Neurology,general
CNS drugs,1179-1934,9431220,Neurology,general
CNS neuroscience & therapeutics,1755-5949,101473265,Neurology,general
CNS spectrums,2165-6509,9702877,Neurology,general
Cognitive and behavioral neurology : official journal of the Society for Behavioral and Cognitive Neurology,1543-3641,101167278,Neurology,general
Cognitive neuropsychiatry,1464-0619,9713497,Neurology,general
Cognitive neuropsychology,1464-0627,8411889,Neurology,general
Cognitive neuroscience,1758-8936,101518151,Neurology,general
"Cognitive, affective & behavioral neuroscience",1531-135X,101083946,Neurology,general
Consciousness and cognition,1090-2376,9303140,Neurology,general
Continuum : lifelong learning in neurology,1538-6899,9509333,Neurology,general
Cortex; a journal devoted to the study of the nervous system and behavior,1973-8102,0100725,Neurology,general
Current neurology and neuroscience reports,1534-6293,100931790,Neurology,general
Current neuropharmacology,1875-6190,101157239,Neurology,general
Current neurovascular research,1875-5739,101208439,Neurology,general
Current opinion in neurobiology,1873-6882,9111376,Neurology,general
Current opinion in neurology,1473-6551,9319162,Neurology,general
Current pain and headache reports,1534-3081,100970666,Neurology,general
Current topics in behavioral neurosciences,1866-3389,101535383,Neurology,general
Der Nervenarzt,1433-0407,0400773,Neurology,general
Der Schmerz,1432-2129,8906258,Neurology,general
Developmental cognitive neuroscience,1878-9307,101541838,Neurology,general
Developmental medicine and child neurology,1469-8749,0006761,Neurology,general
Developmental neurobiology,1932-846X,101300215,Neurology,general
Developmental neuropsychology,1532-6942,8702038,Neurology,general
Developmental neurorehabilitation,1751-8431,101304394,Neurology; Physical and Rehabilitation Medicine,general
Developmental neuroscience,1421-9859,7809375,Neurology,general
Developmental psychobiology,1098-2302,0164074,Neurology,general
Dialogues in clinical neuroscience,1958-5969,101238198,Neurology,general
Dyslexia : the journal of the British Dyslexia Association,1099-0909,9511375,Neurology,general
eNeuro,2373-2822,101647362,Neurology,general
Epilepsia,1528-1167,2983306R,Neurology,general
Epilepsia open,2470-9239,101692036,Neurology,general
Epilepsy & behavior : E&B,1525-5069,100892858,Neurology,general
Epilepsy research,1872-6844,8703089,Neurology,general
Epileptic disorders : international epilepsy journal with videotape,1950-6945,100891853,Neurology,general
European archives of psychiatry and clinical neuroscience,1433-8491,9103030,Neurology,general
European journal of neurology,1468-1331,9506311,Neurology,general
European journal of paediatric neurology : EJPN : official journal of the European Paediatric Neurology Society,1532-2130,9715169,Neurology,general
European journal of pain : EJP,1532-2149,9801774,Neurology,general
European neurology,1421-9913,0150760,Neurology,general
European stroke journal,2396-9881,101688446,Neurology,general
Experimental brain research,1432-1106,0043312,Neurology,general
Experimental neurology,1090-2430,0370712,Neurology,general
Expert review of neurotherapeutics,1744-8360,101129944,Neurology,general
Fluids and barriers of the CNS,2045-8118,101553157,Neurology,general
Folia neuropathologica,1509-572X,9437431,Neurology,general
Fortschritte der Neurologie-Psychiatrie,1439-3522,8103137,Neurology,general
Frontiers in neural circuits,1662-5110,101477940,Neurology,general
Frontiers in neuroendocrinology,1095-6808,7513292,Neurology,general
"Genes, brain, and behavior",1601-183X,101129617,Neurology,general
Glia,1098-1136,8806785,Neurology,general
Handbook of clinical neurology,0072-9752,0166161,Neurology,general
Headache,1526-4610,2985091R,Neurology,general
Hippocampus,1098-1063,9108167,Neurology,general
Human brain mapping,1097-0193,9419065,Neurology,general
Ideggyógyászati szemle,2498-6208,17510500R,Neurology,general
International journal of developmental neuroscience : the official journal of the International Society for Developmental Neuroscience,1873-474X,8401784,Neurology,general
International journal of psychophysiology : official journal of the International Organization of Psychophysiology,1872-7697,8406214,Neurology,general
International review of neurobiology,2162-5514,0374740,Neurology,general
"Interventional neuroradiology : journal of peritherapeutic neuroradiology, surgical procedures and related neurosciences",2385-2011,9602695,Neurology,general
Journal of cerebral blood flow and metabolism : official journal of the International Society of Cerebral Blood Flow and Metabolism,1559-7016,8112566,Neurology,general
Journal of chemical neuroanatomy,1873-6300,8902615,Neurology,general
Journal of child neurology,1708-8283,8606714,Neurology,general
Journal of clinical and experimental neuropsychology,1744-411X,8502170,Neurology,general
Journal of clinical neuromuscular disease,1537-1611,100887391,Neurology,general
Journal of clinical neurophysiology : official publication of the American Electroencephalographic Society,1537-1603,8506708,Neurology,general
Journal of clinical neuroscience : official journal of the Neurosurgical Society of Australasia,1532-2653,9433352,Neurology,general
Journal of cognitive neuroscience,1530-8898,8910747,Neurology,general
"Journal of comparative physiology. A, Neuroethology, sensory, neural, and behavioral physiology",1432-1351,101141792,Neurology,general
Journal of computational neuroscience,1573-6873,9439510,Neurology,general
Journal of Huntington's disease,1879-6400,101589965,Neurology,general
Journal of integrative neuroscience,0219-6352,101156357,Neurology,general
Journal of molecular neuroscience : MN,1559-1166,9002991,Neurology,general
Journal of musculoskeletal & neuronal interactions,1108-7161,101084496,Neurology,general
Journal of neural engineering,1741-2552,101217933,Neurology,general
Journal of neural transmission,1435-1463,9702341,Neurology,general
Journal of neuro-oncology,1573-7373,8309335,Neurology,general
Journal of neuro-ophthalmology : the official journal of the North American Neuro-Ophthalmology Society,1536-5166,9431308,Neurology,general
Journal of neurochemistry,1471-4159,2985190R,Neurology,general
Journal of neurodevelopmental disorders,1866-1955,101483832,Neurology,general
Journal of neuroendocrinology,1365-2826,8913461,Neurology,general
Journal of neuroengineering and rehabilitation,1743-0003,101232233,Neurology; Physical and Rehabilitation Medicine,general
Journal of neurogenetics,1563-5260,8406473,Neurology,general
Journal of neuroimaging : official journal of the American Society of Neuroimaging,1552-6569,9102705,Neurology,general
Journal of neuroimmune pharmacology : the official journal of the Society on NeuroImmune Pharmacology,1557-1904,101256586,Neurology,general
Journal of neuroimmunology,1872-8421,8109498,Neurology,general
Journal of neuroinflammation,1742-2094,101222974,Neurology,general
Journal of neurointerventional surgery,1759-8486,101517079,Neurology,general
Journal of neurologic physical therapy : JNPT,1557-0584,101193365,Neurology; Physical and Rehabilitation Medicine,general
"Journal of neurological surgery. Part A, Central European neurosurgery",2193-6323,101580767,Neurology,general
Journal of neurology,1432-1459,0423161,Neurology,general
"Journal of neurology, neurosurgery, and psychiatry",1468-330X,2985191R,Neurology,general
Journal of neuromuscular diseases,2214-3602,101649948,Neurology,general
Journal of neuropathology and experimental neurology,1554-6578,2985192R,Neurology,general
Journal of neurophysiology,1522-1598,0375404,Neurology,general
Journal of neuropsychology,1748-6653,101468753,Neurology,general
Journal of neuroradiology = Journal de neuroradiologie,0150-9861,7705086,Neurology,general
Journal of neuroscience methods,1872-678X,7905558,Neurology,general
Journal of neuroscience research,1097-4547,7600111,Neurology,general
Journal of neurosurgery,1933-0693,0253357,Neurology,general
Journal of neurosurgery. Pediatrics,1933-0715,101463759,Neurology,general
Journal of neurosurgery. Spine,1547-5646,101223545,Neurology,general
Journal of neurosurgical anesthesiology,1537-1921,8910749,Neurology,general
Journal of neurosurgical sciences,1827-1855,0432557,Neurology,general
Journal of neurotrauma,1557-9042,8811626,Neurology,general
Journal of neurovirology,1538-2443,9508123,Neurology,general
Journal of opioid management,1551-7489,101234523,Neurology,general
Journal of oral & facial pain and headache,2333-0376,101624698,Neurology,general
Journal of psychiatry & neuroscience : JPN,1488-2434,9107859,Neurology,general
Journal of reconstructive microsurgery,1098-8947,8502670,Neurology,general
Journal of stroke and cerebrovascular diseases : the official journal of National Stroke Association,1532-8511,9111633,Neurology,general
Journal of the history of the neurosciences,1744-5213,9441330,Neurology,general
Journal of the International Neuropsychological Society : JINS,1469-7661,9503760,Neurology,general
Journal of the neurological sciences,1878-5883,0375403,Neurology,general
Journal of the peripheral nervous system : JPNS,1529-8027,9704532,Neurology,general
L'Encéphale,0013-7006,7505643,Neurology,general
Laterality,1464-0678,9609064,Neurology,general
Learning & memory,1549-5485,9435678,Neurology,general
Metabolic brain disease,1573-7365,8610370,Neurology,general
Molecular and cellular neurosciences,1095-9327,9100095,Neurology,general
Molecular brain,1756-6606,101468876,Neurology,general
Molecular neurobiology,1559-1182,8900963,Neurology,general
Molecular neurodegeneration,1750-1326,101266600,Neurology,general
Molecular pain,1744-8069,101242662,Neurology,general
Motor control,1087-1640,9706297,Neurology,general
Movement disorders clinical practice,2330-1619,101630279,Neurology,general
Multiple sclerosis : clinical and laboratory research,1477-0970,9509185,Neurology,general
Multiple sclerosis and related disorders,2211-0356,101580247,Neurology,general
Multisensory research,2213-4808,101604290,Neurology,general
Muscle & nerve,1097-4598,7803146,Neurology,general
Nature neuroscience,1546-1726,9809671,Neurology,general
Nature reviews. Neurology,1759-4766,101500072,Neurology,general
Nature reviews. Neuroscience,1471-0048,100962781,Neurology,general
Network : computation in neural systems,1361-6536,9431867,Neurology,general
Neural networks : the official journal of the International Neural Network Society,1879-2782,8805018,Neurology,general
Neural plasticity,1687-5443,100883417,Neurology,general
Neuro endocrinology letters,2354-4716,8008373,Neurology,general
Neuro-Chirurgie,1773-0619,0401057,Neurology,general
Neuro-degenerative diseases,1660-2862,101189034,Neurology,general
Neuro-oncology,1523-5866,100887420,Neurology,general
Neuro-Signals,1424-8638,101134359,Neurology,general
Neurobiology of disease,1095-953X,9500169,Neurology,general
Neurobiology of learning and memory,1095-9564,9508166,Neurology,general
Neurocase,1465-3656,9511374,Neurology,general
Neurochemical research,1573-6903,7613461,Neurology,general
Neurochemistry international,1872-9754,8006959,Neurology,general
Neurocirugía,2529-8496,101778588,Neurology,general
Neurocritical care,1556-0961,101156086,Neurology,general
Neurodegenerative disease management,1758-2032,101517977,Neurology,general
Neuroendocrinology,1423-0194,0035665,Neurology,general
Neuroepidemiology,1423-0208,8218700,Neurology,general
Neurogastroenterology and motility,1365-2982,9432572,Neurology,general
Neurogenetics,1364-6753,9709714,Neurology,general
NeuroImage. Clinical,2213-1582,101597070,Neurology,general
Neuroimaging clinics of North America,1557-9867,9211377,Neurology,general
Neuroimmunomodulation,1423-0216,9422763,Neurology,general
Neuroinformatics,1559-0089,101142069,Neurology,general
Neurologia i neurochirurgia polska,1897-4260,0101265,Neurology,general
Neurologia medico-chirurgica,1349-8029,0400775,Neurology,general
Neurologic clinics,1557-9875,8219232,Neurology,general
Neurological research,1743-1328,7905298,Neurology,general
Neurological sciences : official journal of the Italian Neurological Society and of the Italian Society of Clinical Neurophysiology,1590-3478,100959175,Neurology,general
Neurología,2173-5808,101778590,Neurology,general
Neurology India,1998-4022,0042005,Neurology,general
Neurology. Clinical practice,2163-0933,101577149,Neurology,general
Neurology® neuroimmunology & neuroinflammation,2332-7812,101636388,Neurology,general
Neuromodulation : journal of the International Neuromodulation Society,1525-1403,9804159,Neurology,general
Neuromolecular medicine,1559-1174,101135365,Neurology,general
Neuromuscular disorders : NMD,1873-2364,9111470,Neurology,general
Neuron,1097-4199,8809320,Neurology,general
Neuropathology : official journal of the Japanese Society of Neuropathology,1440-1789,9606526,Neurology,general
Neuropathology and applied neurobiology,1365-2990,7609829,Neurology,general
Neuropediatrics,1439-1899,8101187,Neurology,general
Neuropeptides,1532-2785,8103156,Neurology,general
Neuropharmacology,1873-7064,0236217,Neurology,general
Neurophysiologie clinique = Clinical neurophysiology,1769-7131,8804532,Neurology,general
"Neuropsychiatrie : Klinik, Diagnostik, Therapie und Rehabilitation : Organ der Gesellschaft Österreichischer Nervenärzte und Psychiater",2194-1327,9440588,Neurology,general
Neuropsychobiology,1423-0224,7512895,Neurology,general
Neuropsychologia,1873-3514,0020713,Neurology,general
Neuropsychological rehabilitation,1464-0694,9112672,Neurology; Physical and Rehabilitation Medicine,general
Neuropsychology,1931-1559,8904467,Neurology,general
Neuropsychology review,1573-6660,9009029,Neurology,general
Neuropsychopharmacologia Hungarica : a Magyar Pszichofarmakológiai Egyesület lapja = official journal of the Hungarian Association of Psychopharmacology,2064-2512,100961631,Neurology,general
Neuropsychopharmacology : official publication of the American College of Neuropsychopharmacology,1740-634X,8904907,Neurology,general
Neuropsychopharmacology reports,2574-173X,101719700,Neurology,general
Neuroradiology,1432-1920,1302751,Neurology,general
NeuroRehabilitation,1878-6448,9113791,Neurology; Physical and Rehabilitation Medicine,general
Neurorehabilitation and neural repair,1552-6844,100892086,Neurology; Physical and Rehabilitation Medicine,general
Neuroreport,1473-558X,9100935,Neurology,general
Neuroscience,1873-7544,7605074,Neurology,general
Neuroscience and biobehavioral reviews,1873-7528,7806090,Neurology,general
Neuroscience bulletin,1995-8218,101256850,Neurology,general
Neuroscience letters,1872-7972,7600130,Neurology,general
Neuroscience research,1872-8111,8500749,Neurology,general
Neurosciences : the official journal of the Pan Arab Union of Neurological Sciences,1319-6138,101252453,Neurology,general
Neurosurgery,1524-4040,7802914,Neurology,general
Neurosurgery clinics of North America,1558-1349,9008004,Neurology,general
Neurosurgical focus,1092-0684,100896471,Neurology,general
Neurosurgical review,1437-2320,7908181,Neurology,general
Neurotherapeutics : the journal of the American Society for Experimental NeuroTherapeutics,1878-7479,101290381,Neurology,general
Neurotoxicity research,1476-3524,100929017,Neurology,general
Neurotoxicology,1872-9711,7905589,Neurology,general
Neurotoxicology and teratology,1872-9738,8709538,Neurology,general
Neurourology and urodynamics,1520-6777,8303326,Neurology,general
No shinkei geka. Neurological surgery,1882-1251,0377015,Neurology,general
Nutritional neuroscience,1476-8305,100892202,Neurology,general
Operative neurosurgery,2332-4260,101635417,Neurology,general
"Otology & neurotology : official publication of the American Otological Society, American Neurotology Society [and] European Academy of Otology and Neurotology",1537-4505,100961504,Neurology,general
Pain,1872-6623,7508686,Neurology,general
Pain management,1758-1877,101555934,Neurology,general
Pain management nursing : official journal of the American Society of Pain Management Nurses,1532-8635,100890606,Neurology,general
Pain medicine : the official journal of the American Academy of Pain Medicine,1526-4637,100894201,Neurology,general
Pain medicine case reports,2768-5152,9918249509106676,Neurology,general
Pain physician,2150-1149,100954394,Neurology,general
Pain practice : the official journal of World Institute of Pain,1533-2500,101130835,Neurology,general
Pain research & management,1918-1523,9612504,Neurology,general
Pediatric neurology,1873-5150,8508183,Neurology,general
Pediatric neurosurgery,1423-0305,9114967,Neurology,general
Perception,1468-4233,0372307,Neurology,general
Perceptual and motor skills,1558-688X,0401131,Neurology,general
Physiology & behavior,1873-507X,0151504,Neurology,general
Practical neurology,1474-7766,101130961,Neurology,general
Progress in brain research,1875-7855,0376441,Neurology,general
Progress in neurobiology,1873-5118,0370121,Neurology,general
Psychiatry and clinical neurosciences,1440-1819,9513551,Neurology,general
Psychiatry research. Neuroimaging,1872-7506,101723001,Neurology,general
Psychoneuroendocrinology,1873-3360,7612148,Neurology,general
Psychophysiology,1469-8986,0142657,Neurology,general
Purinergic signalling,1573-9546,101250499,Neurology,general
Regional anesthesia and pain medicine,1532-8651,9804508,Neurology,general
Restorative neurology and neuroscience,1878-3627,9005499,Neurology,general
Reviews in the neurosciences,2191-0200,8711016,Neurology,general
Revista de neurologia,1576-6578,7706841,Neurology,general
Revue neurologique,0035-3787,2984779R,Neurology,general
Scandinavian journal of pain,1877-8879,101520867,Neurology,general
Seizure,1532-2688,9306979,Neurology,general
Seminars in neurology,1098-9021,8111343,Neurology,general
Seminars in pediatric neurology,1558-0776,9441351,Neurology,general
Sleep & breathing = Schlaf & Atmung,1522-1709,9804161,Neurology,general
Sleep health,2352-7226,101656808,Neurology,general
Sleep medicine clinics,1556-4088,101271531,Neurology,general
Sleep medicine reviews,1532-2955,9804678,Neurology,general
Social cognitive and affective neuroscience,1749-5024,101288795,Neurology,general
Social neuroscience,1747-0927,101279009,Neurology,general
Somatosensory & motor research,1369-1651,8904127,Neurology,general
Spinal cord,1476-5624,9609749,Neurology,general
Spinal cord series and cases,2058-6124,101680856,Neurology,general
Stereotactic and functional neurosurgery,1423-0372,8902881,Neurology,general
Stress : the international journal on the biology of stress,1607-8888,9617529,Neurology,general
Stroke and vascular neurology,2059-8696,101689996,Neurology,general
Synapse,1098-2396,8806914,Neurology,general
The Behavioral and brain sciences,1469-1825,7808666,Neurology,general
The Canadian journal of neurological sciences. Le journal canadien des sciences neurologiques,0317-1671,0415227,Neurology,general
The cerebellum,1473-4230,101089443,Neurology,general
The Clinical journal of pain,1536-5409,8507389,Neurology,general
The Clinical neuropsychologist,1744-4144,8806548,Neurology,general
The European journal of neuroscience,1460-9568,8918110,Neurology,general
The international journal of neuropsychopharmacology,1469-5111,9815893,Neurology,general
The International journal of neuroscience,1563-5279,0270707,Neurology,general
The Journal of comparative neurology,1096-9861,0406041,Neurology,general
The journal of ECT,1533-4112,9808943,Neurology,general
The journal of headache and pain,1129-2377,100940562,Neurology,general
The Journal of nervous and mental disease,1539-736X,0375402,Neurology,general
The Journal of neuropsychiatry and clinical neurosciences,1545-7222,8911344,Neurology,general
The Journal of neuroscience : the official journal of the Society for Neuroscience,1529-2401,8102140,Neurology,general
The Journal of neuroscience nursing : journal of the American Association of Neuroscience Nurses,1945-2810,8603596,Neurology,general
The journal of pain,1528-8447,100898657,Neurology,general
The journal of spinal cord medicine,2045-7723,9504452,Neurology; Physical and Rehabilitation Medicine,general
The Neurodiagnostic journal,2375-8627,101573167,Neurology,general
The neurologist,2331-2637,9503763,Neurology,general
The neuroradiology journal,2385-1996,101295103,Neurology,general
"The Neuroscientist : a review journal bringing neurobiology, neurology and psychiatry",1089-4098,9504819,Neurology,general
The primary care companion for CNS disorders,2155-7780,101547532,Neurology,general
The quarterly journal of experimental psychology : QJEP,1747-0226,101259775,Neurology,general
Translational neurodegeneration,2047-9158,101591861,Neurology,general
Translational stroke research,1868-601X,101517297,Neurology,general
Tremor and other hyperkinetic movements,2160-8288,101569493,Neurology,general
Trends in neuroscience and education,2211-9493,101613233,Neurology,general
Trends in neurosciences,1878-108X,7808616,Neurology,general
Turkish neurosurgery,2651-5032,9423821,Neurology,general
Visual neuroscience,1469-8714,8809466,Neurology,general
World neurosurgery,1878-8769,101528275,Neurology,general
Zeitschrift für Psychosomatische Medizin und Psychotherapie,2196-8349,100886617,Neurology,general
Zhurnal nevrologii i psikhiatrii imeni S.S. Korsakova,2309-4729,9712194,Neurology,general
Zhurnal voprosy neĭrokhirurgii imeni N. N. Burdenko,2309-1681,7809757,Neurology,general
American journal of physical medicine & rehabilitation,1537-7385,8803677,Physical and Rehabilitation Medicine,general
Annals of physical and rehabilitation medicine,1877-0665,101502773,Physical and Rehabilitation Medicine,general
Assistive technology : the official journal of RESNA,1949-3614,8917250,Physical and Rehabilitation Medicine,general
Australian occupational therapy journal,1440-1630,15420200R,Physical and Rehabilitation Medicine,general
Brazilian journal of physical therapy,1809-9246,101615124,Physical and Rehabilitation Medicine,general
Canadian journal of occupational therapy.  Revue canadienne d'ergothérapie,1911-9828,0406021,Physical and Rehabilitation Medicine,general
Clinical rehabilitation,1477-0873,8802181,Physical and Rehabilitation Medicine,general
Die Rehabilitation,1439-1309,0401273,Physical and Rehabilitation Medicine,general
Disability and health journal,1876-7583,101306633,Physical and Rehabilitation Medicine,general
Disability and rehabilitation. Assistive technology,1748-3115,101255937,Physical and Rehabilitation Medicine,general
European journal of physical and rehabilitation medicine,1973-9095,101465662,Physical and Rehabilitation Medicine,general
IEEE ... International Conference on Rehabilitation Robotics : [proceedings],1945-7901,101260913,Physical and Rehabilitation Medicine,general
IEEE transactions on neural systems and rehabilitation engineering : a publication of the IEEE Engineering in Medicine and Biology Society,1558-0210,101097023,Physical and Rehabilitation Medicine,general
International journal of rehabilitation research. Internationale Zeitschrift für Rehabilitationsforschung.  Revue internationale de recherches de réadaptation,1473-5660,7805421,Physical and Rehabilitation Medicine,general
Journal of back and musculoskeletal rehabilitation,1878-6324,9201340,Physical and Rehabilitation Medicine,general
Journal of bodywork and movement therapies,1532-9283,9700068,Physical and Rehabilitation Medicine,general
Journal of cardiopulmonary rehabilitation and prevention,1932-751X,101291247,Physical and Rehabilitation Medicine,general
Journal of dance medicine & science : official publication of the International Association for Dance Medicine & Science,2374-8060,9700066,Physical and Rehabilitation Medicine,general
Journal of hand therapy : official journal of the American Society of Hand Therapists,1545-004X,8806591,Physical and Rehabilitation Medicine,general
Journal of occupational rehabilitation,1573-3688,9202814,Physical and Rehabilitation Medicine,general
Journal of pediatric rehabilitation medicine,1875-8894,101490944,Physical and Rehabilitation Medicine,general
Journal of physiotherapy,1836-9561,101528691,Physical and Rehabilitation Medicine,general
Journal of sport rehabilitation,1543-3072,9206500,Physical and Rehabilitation Medicine,general
"Journal, physical therapy education",1938-3533,9306054,Physical and Rehabilitation Medicine,general
Musculoskeletal science & practice,2468-7812,101692753,Physical and Rehabilitation Medicine,general
Occupational therapy in health care,1541-3098,8309883,Physical and Rehabilitation Medicine,general
Occupational therapy international,1557-0703,9433361,Physical and Rehabilitation Medicine,general
"Ortopedia, traumatologia, rehabilitacja",2084-4336,101240146,Physical and Rehabilitation Medicine,general
"OTJR : occupation, participation and health",1938-2383,101144015,Physical and Rehabilitation Medicine,general
Pediatric physical therapy : the official publication of the Section on Pediatrics of the American Physical Therapy Association,1538-005X,8912748,Physical and Rehabilitation Medicine,general
Physical & occupational therapy in pediatrics,1541-3144,8109120,Physical and Rehabilitation Medicine,general
Physical medicine and rehabilitation clinics of North America,1558-1381,9102787,Physical and Rehabilitation Medicine,general
Physical therapy,1538-6724,0022623,Physical and Rehabilitation Medicine,general
Physical therapy in sport : official journal of the Association of Chartered Physiotherapists in Sports Medicine,1873-1600,100940513,Physical and Rehabilitation Medicine,general
Physiotherapy,1873-1465,0401223,Physical and Rehabilitation Medicine,general
Physiotherapy research international : the journal for researchers and clinicians in physical therapy,1471-2865,9612022,Physical and Rehabilitation Medicine,general
Physiotherapy theory and practice,1532-5040,9015520,Physical and Rehabilitation Medicine,general
"PM & R : the journal of injury, function, and rehabilitation",1934-1563,101491319,Physical and Rehabilitation Medicine,general
"Quality of life research : an international journal of quality of life aspects of treatment, care and rehabilitation",1573-2649,9210257,Physical and Rehabilitation Medicine,general
Rehabilitation nursing : the official journal of the Association of Rehabilitation Nurses,2048-7940,8104825,Physical and Rehabilitation Medicine,general
Rehabilitation psychology,1939-1544,0365337,Physical and Rehabilitation Medicine,general
Scandinavian journal of occupational therapy,1651-2014,9502210,Physical and Rehabilitation Medicine,general
The American journal of occupational therapy : official publication of the American Occupational Therapy Association,1943-7676,7705978,Physical and Rehabilitation Medicine,general
The Journal of head trauma rehabilitation,1550-509X,8702552,Physical and Rehabilitation Medicine,general
The Journal of manual & manipulative therapy,2042-6186,9433812,Physical and Rehabilitation Medicine,general
The Journal of orthopaedic and sports physical therapy,1938-1344,7908150,Physical and Rehabilitation Medicine,general
Topics in spinal cord injury rehabilitation,1945-5763,9515174,Physical and Rehabilitation Medicine,general
Topics in stroke rehabilitation,1945-5119,9439750,Physical and Rehabilitation Medicine,general
Torture : quarterly journal on rehabilitation of torture victims and prevention of torture,1997-3322,9309086,Physical and Rehabilitation Medicine,general
Transactions of the American Clinical and Climatological Association,0065-7778,7507559,Physical and Rehabilitation Medicine,general
"Voprosy kurortologii, fizioterapii, i lechebnoĭ fizicheskoĭ kultury",2309-1355,2984868R,Physical and Rehabilitation Medicine,general
Advances in rheumatology,2523-3106,101734172,Rheumatology,general
Annals of the rheumatic diseases,1468-2060,0372355,Rheumatology,general
ARP rheumatology,2795-4552,9918402287906676,Rheumatology,general
Arthritis & rheumatology,2326-5205,101623795,Rheumatology,general
Arthritis care & research,2151-4658,101518086,Rheumatology,general
Arthritis research & therapy,1478-6362,101154438,Rheumatology,general
Best practice & research. Clinical rheumatology,1532-1770,101121149,Rheumatology,general
Clinical and experimental rheumatology,1593-098X,8308521,Rheumatology,general
Clinical rheumatology,1434-9949,8211469,Rheumatology,general
Connective tissue research,1607-8438,0365263,Rheumatology,general
Current opinion in rheumatology,1531-6963,9000851,Rheumatology,general
Current rheumatology reports,1534-6307,100888970,Rheumatology,general
Current rheumatology reviews,1875-6360,101261938,Rheumatology,general
International journal of rheumatic diseases,1756-185X,101474930,Rheumatology,general
Joint bone spine,1778-7254,100938016,Rheumatology,general
Lupus,1477-0962,9204265,Rheumatology,general
Modern rheumatology,1439-7609,100959226,Rheumatology,general
Modern rheumatology case reports,2472-5625,101761026,Rheumatology,general
Nature reviews. Rheumatology,1759-4804,101500080,Rheumatology,general
Reumatología clinica,2173-5743,101717526,Rheumatology,general
Rheumatic diseases clinics of North America,1558-3163,8708093,Rheumatology,general
Rheumatology,1462-0332,100883501,Rheumatology,general
Rheumatology international,1437-160X,8206885,Rheumatology,general
Scandinavian journal of rheumatology,1502-7732,0321213,Rheumatology,general
Seminars in arthritis and rheumatism,1532-866X,1306053,Rheumatology,general
The Journal of rheumatology,1499-2752,7501984,Rheumatology,general
The Lancet. Rheumatology,2665-9913,101765308,Rheumatology,general
Zeitschrift für Rheumatologie,1435-1250,0414162,Rheumatology,general
